item,page_titleEN,articleLabel
http://www.wikidata.org/entity/Q23,George Washington,
http://www.wikidata.org/entity/Q42,Douglas Adams,
http://www.wikidata.org/entity/Q747,Pierre Corneille,
http://www.wikidata.org/entity/Q859,Plato,
http://www.wikidata.org/entity/Q1936,Djibril Cissé,
http://www.wikidata.org/entity/Q1253,Ban Ki-moon,
http://www.wikidata.org/entity/Q1938,Bacary Sagna,
http://www.wikidata.org/entity/Q207,George W. Bush,
http://www.wikidata.org/entity/Q1254,Kofi Annan,
http://www.wikidata.org/entity/Q1276,Leonard Cohen,
http://www.wikidata.org/entity/Q1228,Oscar Luigi Scalfaro,
http://www.wikidata.org/entity/Q1381,Dave Arneson,
http://www.wikidata.org/entity/Q1325,Friedrich Hayek,
http://www.wikidata.org/entity/Q1681,Abel Mutai,
http://www.wikidata.org/entity/Q1712,Érick Barrondo,
http://www.wikidata.org/entity/Q297,Diego Velázquez,
http://www.wikidata.org/entity/Q1672,Dejen Gebremeskel,
http://www.wikidata.org/entity/Q1789,Ashton Eaton,
http://www.wikidata.org/entity/Q1526,Ramesses I,
http://www.wikidata.org/entity/Q633,Neil Young,
http://www.wikidata.org/entity/Q368,Augusto Pinochet,
http://www.wikidata.org/entity/Q1416,Otho,
http://www.wikidata.org/entity/Q3374,Anne-Sophie Mutter,
http://www.wikidata.org/entity/Q4267,Adémar de Chabannes,
http://www.wikidata.org/entity/Q501,Charles Baudelaire,
http://www.wikidata.org/entity/Q1911,Olivier Giroud,
http://www.wikidata.org/entity/Q4496,Mitt Romney,
http://www.wikidata.org/entity/Q4498,Comtessa de Dia,
http://www.wikidata.org/entity/Q4700,Claude Debussy,
http://www.wikidata.org/entity/Q1934,Sidney Govou,
http://www.wikidata.org/entity/Q1330,Joaquín Prieto,
http://www.wikidata.org/entity/Q873,Meryl Streep,
http://www.wikidata.org/entity/Q1511,Richard Wagner,
http://www.wikidata.org/entity/Q2518,Helmut Kohl,
http://www.wikidata.org/entity/Q4491,Anna Faris,
http://www.wikidata.org/entity/Q619,Nicolaus Copernicus,
http://www.wikidata.org/entity/Q2496,Ludwig Erhard,
http://www.wikidata.org/entity/Q2105,Jacques Chirac,
http://www.wikidata.org/entity/Q1812,Gordian III,
http://www.wikidata.org/entity/Q815,Gabriel González Videla,
http://www.wikidata.org/entity/Q1317,Osama bin Laden,
http://www.wikidata.org/entity/Q1956,Hermann Maier,
http://www.wikidata.org/entity/Q946,Donald Tusk,
http://www.wikidata.org/entity/Q4441,Emily Dickinson,
http://www.wikidata.org/entity/Q15512,Bershawn Jackson,
http://www.wikidata.org/entity/Q1738,Robbie Grabarz,
http://www.wikidata.org/entity/Q3251,Elisha E. Meredith,
http://www.wikidata.org/entity/Q4261,Michel Platini,
http://www.wikidata.org/entity/Q18765,Burak Yılmaz,
http://www.wikidata.org/entity/Q2190,Coluche,
http://www.wikidata.org/entity/Q2185,Georges Pompidou,
http://www.wikidata.org/entity/Q3547,Franciszek Karpiński,
http://www.wikidata.org/entity/Q1056,Italo Balbo,
http://www.wikidata.org/entity/Q4153,George Bournoutian,
http://www.wikidata.org/entity/Q853,Andrei Tarkovsky,
http://www.wikidata.org/entity/Q1058,Narendra Modi,
http://www.wikidata.org/entity/Q21822,Bo Xilai,
http://www.wikidata.org/entity/Q16397,Bruce Lee,
http://www.wikidata.org/entity/Q997,Andrei Sakharov,
http://www.wikidata.org/entity/Q11509,Xanana Gusmão,
http://www.wikidata.org/entity/Q15948,Émile Durkheim,
http://www.wikidata.org/entity/Q6419,Barbora Špotáková,
http://www.wikidata.org/entity/Q5072,Wanyan Liang,
http://www.wikidata.org/entity/Q1868,Paul Otlet,
http://www.wikidata.org/entity/Q4896,"William Hamilton, Duke of Hamilton",
http://www.wikidata.org/entity/Q8814,Augustin-Louis Cauchy,
http://www.wikidata.org/entity/Q2567,Richard von Weizsäcker,
http://www.wikidata.org/entity/Q5351,"William IX, Duke of Aquitaine",
http://www.wikidata.org/entity/Q1149,Indira Gandhi,
http://www.wikidata.org/entity/Q4009,Ramesses IX,
http://www.wikidata.org/entity/Q9096,Wilfred Bungei,
http://www.wikidata.org/entity/Q10007,Zhengde Emperor,
http://www.wikidata.org/entity/Q21901,Josephine Cochrane,
http://www.wikidata.org/entity/Q14263,Ileana Streinu,
http://www.wikidata.org/entity/Q14430,Ignacy Daszyński,
http://www.wikidata.org/entity/Q5571,Andrea del Sarto,
http://www.wikidata.org/entity/Q4293,Jon Abrahams,
http://www.wikidata.org/entity/Q8739,Archimedes,
http://www.wikidata.org/entity/Q15145,José Batlle y Ordóñez,
http://www.wikidata.org/entity/Q5363,Maria de Ventadorn,
http://www.wikidata.org/entity/Q14307,Nicolas Leblanc,
http://www.wikidata.org/entity/Q20951,Élisée Reclus,
http://www.wikidata.org/entity/Q2677,"Wilhelm II, German Emperor",
http://www.wikidata.org/entity/Q11966,Bafétimbi Gomis,
http://www.wikidata.org/entity/Q1925,Yann M'Vila,
http://www.wikidata.org/entity/Q19392,Éver Banega,
http://www.wikidata.org/entity/Q7203,Ziying of Qin,
http://www.wikidata.org/entity/Q8560,Yesün Temür (Yuan dynasty),
http://www.wikidata.org/entity/Q1755,Tomasz Majewski,
http://www.wikidata.org/entity/Q1151,Hector Berlioz,
http://www.wikidata.org/entity/Q6363,Yevgeniya Kolodko,
http://www.wikidata.org/entity/Q18436,Émile Boirac,
http://www.wikidata.org/entity/Q4270,Tom DeLonge,
http://www.wikidata.org/entity/Q17520,Kathleen Antonelli,
http://www.wikidata.org/entity/Q8948,Arnošt Muka,
http://www.wikidata.org/entity/Q9434,Arnold Palmer,
http://www.wikidata.org/entity/Q4128,Louis Aragon,
http://www.wikidata.org/entity/Q5594,Antonello da Messina,
http://www.wikidata.org/entity/Q5380,Robert de Boron,
http://www.wikidata.org/entity/Q22201,Jim DeMint,
http://www.wikidata.org/entity/Q23685,Jimmy Carter,
http://www.wikidata.org/entity/Q6950,Tess Gerritsen,
http://www.wikidata.org/entity/Q5811,Masaccio,
http://www.wikidata.org/entity/Q1421,Titus,
http://www.wikidata.org/entity/Q19943,Juan Carlos I,
http://www.wikidata.org/entity/Q5959,Quintus Curtius Rufus,
http://www.wikidata.org/entity/Q5721,Philippe Pétain,
http://www.wikidata.org/entity/Q4318,Theopompus,
http://www.wikidata.org/entity/Q1347063,Lucas Watzenrode,
http://www.wikidata.org/entity/Q25088,Muhammad al-Jawad,
http://www.wikidata.org/entity/Q26926,Muhammad Al-Sabah,
http://www.wikidata.org/entity/Q23755,Kim J. Henriksen,
http://www.wikidata.org/entity/Q25144,Kevin Spacey,
http://www.wikidata.org/entity/Q24410,Jonas Mačiulis,
http://www.wikidata.org/entity/Q22290,Olympia Snowe,
http://www.wikidata.org/entity/Q5676,Matsuo Bashō,
http://www.wikidata.org/entity/Q24829,Orson Welles,
http://www.wikidata.org/entity/Q8479,Peter the Great,
http://www.wikidata.org/entity/Q25014,John Cleese,
http://www.wikidata.org/entity/Q5586,Hokusai,
http://www.wikidata.org/entity/Q7186,Marie Curie,
http://www.wikidata.org/entity/Q2610,Willi Stoph,
http://www.wikidata.org/entity/Q5580,Albrecht Dürer,
http://www.wikidata.org/entity/Q27322,Jason Lewis (actor),
http://www.wikidata.org/entity/Q5670,Abu Nuwas,
http://www.wikidata.org/entity/Q5820,Mariya Savinova,
http://www.wikidata.org/entity/Q7197,Simone de Beauvoir,
http://www.wikidata.org/entity/Q6105,Hebe Camargo,
http://www.wikidata.org/entity/Q44341,Guillermo Betancourt,
http://www.wikidata.org/entity/Q44601,Francesco Guicciardini,
http://www.wikidata.org/entity/Q44842,Giovanni Battista Re,
http://www.wikidata.org/entity/Q45006,Franz Stuck,
http://www.wikidata.org/entity/Q10129,Lisa Raymond,
http://www.wikidata.org/entity/Q24666,Jumabek Ibraimov,
http://www.wikidata.org/entity/Q48149,Fyodor Tolbukhin,
http://www.wikidata.org/entity/Q48684,Francisco Javier de Elío,
http://www.wikidata.org/entity/Q44741,Francisco Pizarro,
http://www.wikidata.org/entity/Q6512,Søren Kierkegaard,
http://www.wikidata.org/entity/Q9588,Richard Nixon,
http://www.wikidata.org/entity/Q49388,Georg Friedrich Haas,
http://www.wikidata.org/entity/Q7235,Sophocles,
http://www.wikidata.org/entity/Q19497,"Oscar (footballer, born 1991)",
http://www.wikidata.org/entity/Q10494,Alain Prost,
http://www.wikidata.org/entity/Q8985,Jorightu Khan Yesüder,
http://www.wikidata.org/entity/Q9119,Kenenisa Bekele,
http://www.wikidata.org/entity/Q5816,Mao Zedong,
http://www.wikidata.org/entity/Q9293,Molon Khan,
http://www.wikidata.org/entity/Q9348,Parmigianino,
http://www.wikidata.org/entity/Q51490,George Stevens,
http://www.wikidata.org/entity/Q9132,Sileshi Sihine,
http://www.wikidata.org/entity/Q9335,Tümen Zasagt Khan,
http://www.wikidata.org/entity/Q7519,Ögedei Khan,
http://www.wikidata.org/entity/Q45141,Friedrich Wilhelm Raiffeisen,
http://www.wikidata.org/entity/Q8797,Aemilius Macer,
http://www.wikidata.org/entity/Q8820,Lucius Varius Rufus,
http://www.wikidata.org/entity/Q53747,Göran Persson,
http://www.wikidata.org/entity/Q54542,Grace Min,
http://www.wikidata.org/entity/Q49767,François-René de Chateaubriand,
http://www.wikidata.org/entity/Q53444,Frederick Augustus I of Saxony,
http://www.wikidata.org/entity/Q57855,Georg Friedrich Grotefend,
http://www.wikidata.org/entity/Q9146,Richard Mateelong,
http://www.wikidata.org/entity/Q7249,Agnes Pockels,
http://www.wikidata.org/entity/Q7301,Liu Bian,
http://www.wikidata.org/entity/Q7346,John Coltrane,
http://www.wikidata.org/entity/Q8511,Lorenzo di Credi,
http://www.wikidata.org/entity/Q7336,Otto Frank,
http://www.wikidata.org/entity/Q9372,Sima Qian,
http://www.wikidata.org/entity/Q8653,Ragibagh Khan,
http://www.wikidata.org/entity/Q14045,Moby,
http://www.wikidata.org/entity/Q9543,Salman Khan,
http://www.wikidata.org/entity/Q57646,Günther Lütjens,
http://www.wikidata.org/entity/Q8367,Hans Schmidt (general of the Infantry),
http://www.wikidata.org/entity/Q8404,John I of France,
http://www.wikidata.org/entity/Q57160,Friedrich Paulus,
http://www.wikidata.org/entity/Q9513,A. P. J. Abdul Kalam,
http://www.wikidata.org/entity/Q13304,Mouhamadou Dabo,
http://www.wikidata.org/entity/Q55426,Glauber Rocha,
http://www.wikidata.org/entity/Q59478,George Gamow,
http://www.wikidata.org/entity/Q51584,Gustav Leonhardt,
http://www.wikidata.org/entity/Q7227,Emperor Zhao of Han,
http://www.wikidata.org/entity/Q7237,Emperor Ai of Han,
http://www.wikidata.org/entity/Q52878,Gustaf VI Adolf,
http://www.wikidata.org/entity/Q57492,Friedrich Karl Arnold Schwassmann,
http://www.wikidata.org/entity/Q13055,Rémy Vercoutre,
http://www.wikidata.org/entity/Q13057,Mathieu Gorgelin,
http://www.wikidata.org/entity/Q9112,Nick Willis,
http://www.wikidata.org/entity/Q14999,Gaston Eyskens,
http://www.wikidata.org/entity/Q16285,Mario Benedetti,
http://www.wikidata.org/entity/Q60015,"Guy, Margrave of Tuscany",
http://www.wikidata.org/entity/Q60834,Georg Niedermeier,
http://www.wikidata.org/entity/Q15944,Walter Breisky,
http://www.wikidata.org/entity/Q57383,Girma Wolde-Giorgis,
http://www.wikidata.org/entity/Q57408,Friedrich Olbricht,
http://www.wikidata.org/entity/Q57174,Franz Halder,
http://www.wikidata.org/entity/Q57320,Frederick Augustus III of Saxony,
http://www.wikidata.org/entity/Q16766,Andy Lau,
http://www.wikidata.org/entity/Q9554,Martin Luther,
http://www.wikidata.org/entity/Q9458,Muhammad,
http://www.wikidata.org/entity/Q11812,Thomas Jefferson,
http://www.wikidata.org/entity/Q11586,Annie Easley,
http://www.wikidata.org/entity/Q11605,Adele Goldberg (computer scientist),
http://www.wikidata.org/entity/Q57164,Friedrich Georg Wilhelm von Struve,
http://www.wikidata.org/entity/Q12971,Leopold I of Belgium,
http://www.wikidata.org/entity/Q11079,Al-Battani,
http://www.wikidata.org/entity/Q57709,Freundel Stuart,
http://www.wikidata.org/entity/Q57805,Friedrich Paschen,
http://www.wikidata.org/entity/Q16628,Wen Jiabao,
http://www.wikidata.org/entity/Q14277,William Herschel,
http://www.wikidata.org/entity/Q60028,Gottlob Frege,
http://www.wikidata.org/entity/Q14989,Léon Delacroix,
http://www.wikidata.org/entity/Q7546,Ingmar Bergman,
http://www.wikidata.org/entity/Q7996,Ivan the Terrible,
http://www.wikidata.org/entity/Q7658,Heidi Weng,
http://www.wikidata.org/entity/Q17131,Pontius Pilate,
http://www.wikidata.org/entity/Q9575,Harivansh Rai Bachchan,
http://www.wikidata.org/entity/Q10577,Tom Cleverley,
http://www.wikidata.org/entity/Q9994,Hongzhi Emperor,
http://www.wikidata.org/entity/Q13552,Aki Rahunen,
http://www.wikidata.org/entity/Q11735,Michael Spindelegger,
http://www.wikidata.org/entity/Q11881,John Tyler,
http://www.wikidata.org/entity/Q7394,Emperor Cheng of Jin,
http://www.wikidata.org/entity/Q7392,Emperor Yuan of Jin,
http://www.wikidata.org/entity/Q7396,Emperor Mu of Jin,
http://www.wikidata.org/entity/Q14655,Pelagius of Asturias,
http://www.wikidata.org/entity/Q10058,Justine Smethurst,
http://www.wikidata.org/entity/Q10065,Taichang Emperor,
http://www.wikidata.org/entity/Q7262,Gengshi Emperor,
http://www.wikidata.org/entity/Q7277,Emperor Zhang of Han,
http://www.wikidata.org/entity/Q7357,Emperor Hui of Jin,
http://www.wikidata.org/entity/Q7458,Emperor Xianzong of Western Xia,
http://www.wikidata.org/entity/Q10089,Julia Mancuso,
http://www.wikidata.org/entity/Q10106,Kerstin Szymkowiak,
http://www.wikidata.org/entity/Q9671,Michael Schumacher,
http://www.wikidata.org/entity/Q13888,Luchino Visconti,
http://www.wikidata.org/entity/Q16019,Wolfgang Schäuble,
http://www.wikidata.org/entity/Q5071,Emperor Xizong of Jin,
http://www.wikidata.org/entity/Q15615,Lil Wayne,
http://www.wikidata.org/entity/Q57172,Georg von Küchler,
http://www.wikidata.org/entity/Q12492,Eugenia Maniokova,
http://www.wikidata.org/entity/Q15975,Montesquieu,
http://www.wikidata.org/entity/Q5233,François-Édouard Picot,
http://www.wikidata.org/entity/Q43749,Kazimierz Nycz,
http://www.wikidata.org/entity/Q11891,James K. Polk,
http://www.wikidata.org/entity/Q12628,Kálmán Kalocsay,
http://www.wikidata.org/entity/Q12773,Julio Baghy,
http://www.wikidata.org/entity/Q17500,Xavi,
http://www.wikidata.org/entity/Q5664,Fra Angelico,
http://www.wikidata.org/entity/Q10095,Annelise Coberger,
http://www.wikidata.org/entity/Q22513,Zhu De,
http://www.wikidata.org/entity/Q18718,Géza Imre,
http://www.wikidata.org/entity/Q18809,Anatoly Lunacharsky,
http://www.wikidata.org/entity/Q5630,Fulcher of Chartres,
http://www.wikidata.org/entity/Q29342,Klay Thompson,
http://www.wikidata.org/entity/Q26458,Petras Mantigirdaitis,
http://www.wikidata.org/entity/Q19009,Edwin McMillan,
http://www.wikidata.org/entity/Q19242,William Anders,
http://www.wikidata.org/entity/Q23880,Lila Downs,
http://www.wikidata.org/entity/Q15547,Denis Nizhegorodov,
http://www.wikidata.org/entity/Q15802,Daniel Passarella,
http://www.wikidata.org/entity/Q26244,Elvis Gregory,
http://www.wikidata.org/entity/Q26636,David Giuntoli,
http://www.wikidata.org/entity/Q19254,"Philip I, Duke of Burgundy",
http://www.wikidata.org/entity/Q33038,Krzysztof Wiesiołowski,
http://www.wikidata.org/entity/Q37370,Klaus Ebner,
http://www.wikidata.org/entity/Q13020,Tivadar Soros,
http://www.wikidata.org/entity/Q16867,Edgar Allan Poe,
http://www.wikidata.org/entity/Q19041,Dani Güiza,
http://www.wikidata.org/entity/Q7728,Grazia Deledda,
http://www.wikidata.org/entity/Q11124,Stephen Breyer,
http://www.wikidata.org/entity/Q20018,George Biddell Airy,
http://www.wikidata.org/entity/Q30585,Bailey Jay,
http://www.wikidata.org/entity/Q30769,Sophus Lie,
http://www.wikidata.org/entity/Q27182,Rachida Dati,
http://www.wikidata.org/entity/Q27533,Sigamary Diarra,
http://www.wikidata.org/entity/Q28310,Scott Adkins,
http://www.wikidata.org/entity/Q12349,Inna,
http://www.wikidata.org/entity/Q12325,James Buchanan,
http://www.wikidata.org/entity/Q9983,Emperor Yingzong of Ming,
http://www.wikidata.org/entity/Q9753,Emperor Daizong of Tang,
http://www.wikidata.org/entity/Q9760,Emperor Shunzong of Tang,
http://www.wikidata.org/entity/Q19175,Arthur Percival,
http://www.wikidata.org/entity/Q19246,Amenemhat IV,
http://www.wikidata.org/entity/Q25162,Fabio Fazio,
http://www.wikidata.org/entity/Q41606,Kathryn P. Hire,
http://www.wikidata.org/entity/Q11270,Fulgencio Batista,
http://www.wikidata.org/entity/Q28542,Alvin E. Roth,
http://www.wikidata.org/entity/Q27696,Toifilou Maoulida,
http://www.wikidata.org/entity/Q18947,Laurie Holden,
http://www.wikidata.org/entity/Q19054,Matteo Bandello,
http://www.wikidata.org/entity/Q20882,Gustave Eiffel,
http://www.wikidata.org/entity/Q41895,Kenny Miller,
http://www.wikidata.org/entity/Q13494,Jean-Pierre Papin,
http://www.wikidata.org/entity/Q29001,Bumin Qaghan,
http://www.wikidata.org/entity/Q13387,Iosif Langbard,
http://www.wikidata.org/entity/Q42838,Leif Erikson,
http://www.wikidata.org/entity/Q29250,Bill Murray,
http://www.wikidata.org/entity/Q25672,Alexander von Benckendorff,
http://www.wikidata.org/entity/Q25735,Milorad Mažić,
http://www.wikidata.org/entity/Q32733,Victor Mees,
http://www.wikidata.org/entity/Q29196,Thomas Boni Yayi,
http://www.wikidata.org/entity/Q41438,Sergiusz Gajek,
http://www.wikidata.org/entity/Q29427,Yitzhak Mordechai,
http://www.wikidata.org/entity/Q32615,"William VI, Duke of Aquitaine",
http://www.wikidata.org/entity/Q23766,Ebenezer Howard,
http://www.wikidata.org/entity/Q30783,Sami Vatanen,
http://www.wikidata.org/entity/Q31161,Andreas Libavius,
http://www.wikidata.org/entity/Q31806,Sat-Okh,
http://www.wikidata.org/entity/Q37682,Sejong the Great,
http://www.wikidata.org/entity/Q23261,Hideaki Anno,
http://www.wikidata.org/entity/Q26806,Danny DeVito,
http://www.wikidata.org/entity/Q16389,Charles K. Kao,
http://www.wikidata.org/entity/Q14524,Charles Messier,
http://www.wikidata.org/entity/Q24002,Andy Panko,
http://www.wikidata.org/entity/Q31873,Bata (footballer),
http://www.wikidata.org/entity/Q33866,Theodore Roosevelt,
http://www.wikidata.org/entity/Q42552,Wisława Szymborska,
http://www.wikidata.org/entity/Q19198,Chester Bennington,
http://www.wikidata.org/entity/Q26282,"Mikhail Varnakov (ice hockey, born 1985)",
http://www.wikidata.org/entity/Q26295,Aksana (wrestler),
http://www.wikidata.org/entity/Q25147,Franco Battiato,
http://www.wikidata.org/entity/Q24508,Kubanychbek Jumaliyev,
http://www.wikidata.org/entity/Q32297,Utkirbek Haydarov,
http://www.wikidata.org/entity/Q26879,Melvil Dewey,
http://www.wikidata.org/entity/Q32342,Sonali Bendre,
http://www.wikidata.org/entity/Q25895,Maria Mazina,
http://www.wikidata.org/entity/Q26322,Carol W. Greider,
http://www.wikidata.org/entity/Q26069,Klaas-Jan Huntelaar,
http://www.wikidata.org/entity/Q25901,Franck Boidin,
http://www.wikidata.org/entity/Q60595,Étienne Capoue,
http://www.wikidata.org/entity/Q61787,"Ernst II, Duke of Saxe-Altenburg",
http://www.wikidata.org/entity/Q62012,Ernst Barkmann,
http://www.wikidata.org/entity/Q37092,Constantine Laskaris,
http://www.wikidata.org/entity/Q57704,Élisabeth Jacquet de La Guerre,
http://www.wikidata.org/entity/Q30449,Avril Lavigne,
http://www.wikidata.org/entity/Q32763,Santillana (footballer),
http://www.wikidata.org/entity/Q35678,Benjamin Harrison,
http://www.wikidata.org/entity/Q44274,Jörg Haider,
http://www.wikidata.org/entity/Q44738,Itzik Feffer,
http://www.wikidata.org/entity/Q36105,Charles Bronson,
http://www.wikidata.org/entity/Q44653,Malcolm Young,
http://www.wikidata.org/entity/Q35733,Velimir Khlebnikov,
http://www.wikidata.org/entity/Q62319,Elisabeth Pähtz,
http://www.wikidata.org/entity/Q62745,Elisabeth Schumann,
http://www.wikidata.org/entity/Q53111,Miloš Kopecký,
http://www.wikidata.org/entity/Q64557,Mykolas Biržiška,
http://www.wikidata.org/entity/Q35155,Thomas Pynchon,
http://www.wikidata.org/entity/Q64802,Engelbert II of Berg,
http://www.wikidata.org/entity/Q25973,Hermann Hesse,
http://www.wikidata.org/entity/Q36150,Sergey Lebedev (politician),
http://www.wikidata.org/entity/Q53390,Maureen Connolly,
http://www.wikidata.org/entity/Q46677,Melissa Benoist,
http://www.wikidata.org/entity/Q63228,Nora Tschirner,
http://www.wikidata.org/entity/Q40628,Tammy Baldwin,
http://www.wikidata.org/entity/Q41575,Susan Helms,
http://www.wikidata.org/entity/Q48145,Kirill Meretskov,
http://www.wikidata.org/entity/Q63307,"Ernest I, Duke of Swabia",
http://www.wikidata.org/entity/Q61628,Eugen Fink,
http://www.wikidata.org/entity/Q35940,Ayila Yussuf,
http://www.wikidata.org/entity/Q35998,Aria Giovanni,
http://www.wikidata.org/entity/Q61771,Emil Wiechert,
http://www.wikidata.org/entity/Q37001,Toshiro Mifune,
http://www.wikidata.org/entity/Q49492,Michael Chekhov,
http://www.wikidata.org/entity/Q45765,Jack London,
http://www.wikidata.org/entity/Q65861,Erich Adickes,
http://www.wikidata.org/entity/Q40079,Bulgarus,
http://www.wikidata.org/entity/Q49941,Ilona Staller,
http://www.wikidata.org/entity/Q36786,Stylianos of Paphlagonia,
http://www.wikidata.org/entity/Q39301,Wilfried Dietrich,
http://www.wikidata.org/entity/Q45766,Mario Gómez,
http://www.wikidata.org/entity/Q44927,Joseph Lanner,
http://www.wikidata.org/entity/Q23860,Hans Jakob (Esperantist),
http://www.wikidata.org/entity/Q24736,Giorgi Mazniashvili,
http://www.wikidata.org/entity/Q25011,Charles Bolden,
http://www.wikidata.org/entity/Q30767,Caroline Wozniacki,
http://www.wikidata.org/entity/Q56093,Blake Edwards,
http://www.wikidata.org/entity/Q40064,Blythe Danner,
http://www.wikidata.org/entity/Q43522,Antonie van Leeuwenhoek,
http://www.wikidata.org/entity/Q57067,Max von Laue,
http://www.wikidata.org/entity/Q47529,Kim Hwang-sik,
http://www.wikidata.org/entity/Q52927,Charles XIV John,
http://www.wikidata.org/entity/Q39593,Butch Otter,
http://www.wikidata.org/entity/Q41708,Andreas Wenzel,
http://www.wikidata.org/entity/Q57206,"Maximilian I, Elector of Bavaria",
http://www.wikidata.org/entity/Q43527,Sitting Bull,
http://www.wikidata.org/entity/Q34969,Benjamin Franklin,
http://www.wikidata.org/entity/Q44911,Joseph Maria Olbrich,
http://www.wikidata.org/entity/Q44652,Christian Morgenstern,
http://www.wikidata.org/entity/Q43689,Ambrose,
http://www.wikidata.org/entity/Q47561,Ivo Andrić,
http://www.wikidata.org/entity/Q67303,Dieter Kindlmann,
http://www.wikidata.org/entity/Q43932,Angus Young,
http://www.wikidata.org/entity/Q45111,John R. Neill,
http://www.wikidata.org/entity/Q57342,Mauricio Funes,
http://www.wikidata.org/entity/Q41522,Ard Schenk,
http://www.wikidata.org/entity/Q41580,Axel Munthe,
http://www.wikidata.org/entity/Q47664,Catherine Zeta-Jones,
http://www.wikidata.org/entity/Q55211,Mohsen Makhmalbaf,
http://www.wikidata.org/entity/Q55924,Józef Oleksy,
http://www.wikidata.org/entity/Q55789,Jan Twardowski,
http://www.wikidata.org/entity/Q55823,Janina Ochojska,
http://www.wikidata.org/entity/Q44702,Brahim Ferradj,
http://www.wikidata.org/entity/Q40103,Toby Stephens,
http://www.wikidata.org/entity/Q58431,Milarepa,
http://www.wikidata.org/entity/Q58835,Maria Anna of Bavaria (born 1574),
http://www.wikidata.org/entity/Q49355,James B. Conant,
http://www.wikidata.org/entity/Q49618,James Rhyne Killian,
http://www.wikidata.org/entity/Q60609,Mohamed Yattara,
http://www.wikidata.org/entity/Q60777,Manfred Wörner,
http://www.wikidata.org/entity/Q63666,Nikola Ninković,
http://www.wikidata.org/entity/Q64114,Engelbert Endrass,
http://www.wikidata.org/entity/Q43715,Vlad the Impaler,
http://www.wikidata.org/entity/Q53443,Bolesław V the Chaste,
http://www.wikidata.org/entity/Q54540,Chuck McKinley,
http://www.wikidata.org/entity/Q55366,Bogusław Linda,
http://www.wikidata.org/entity/Q41683,Thucydides,
http://www.wikidata.org/entity/Q51719,"Joscelin I, Count of Edessa",
http://www.wikidata.org/entity/Q51773,Heidemarie Stefanyshyn-Piper,
http://www.wikidata.org/entity/Q52453,Bob Hewitt,
http://www.wikidata.org/entity/Q55256,King Li of Zhou,
http://www.wikidata.org/entity/Q57424,Manuel Serifo Nhamadjo,
http://www.wikidata.org/entity/Q52939,Charles IX of Sweden,
http://www.wikidata.org/entity/Q69544,Oliver Hartmann,
http://www.wikidata.org/entity/Q54010,Mieszko IV Tanglefoot,
http://www.wikidata.org/entity/Q57497,Carl Stumpf,
http://www.wikidata.org/entity/Q57668,Caroline Matilda of Great Britain,
http://www.wikidata.org/entity/Q54386,"Infanta Elena, Duchess of Lugo",
http://www.wikidata.org/entity/Q68773,Muqbil bin Hadi al-Wadi'i,
http://www.wikidata.org/entity/Q44131,Werner Herzog,
http://www.wikidata.org/entity/Q52928,Charles XIII,
http://www.wikidata.org/entity/Q53680,Jeff Daniels,
http://www.wikidata.org/entity/Q63890,Bernd Heynemann,
http://www.wikidata.org/entity/Q66398,Eduard Schönfeld,
http://www.wikidata.org/entity/Q58978,Max Born,
http://www.wikidata.org/entity/Q29527,Jan Davis,
http://www.wikidata.org/entity/Q56220,Ivo Sanader,
http://www.wikidata.org/entity/Q61205,Wolfgang Sawallisch,
http://www.wikidata.org/entity/Q61288,Walter Heitz,
http://www.wikidata.org/entity/Q68158,Ehrenfried-Oskar Boege,
http://www.wikidata.org/entity/Q27503,Chang Wanquan,
http://www.wikidata.org/entity/Q27680,Ivan Obradović,
http://www.wikidata.org/entity/Q63183,August Böckh,
http://www.wikidata.org/entity/Q68574,Mikołaj Hlebowicz,
http://www.wikidata.org/entity/Q69359,"Eberhard II, Count of Württemberg",
http://www.wikidata.org/entity/Q27733,Julien Sablé,
http://www.wikidata.org/entity/Q57103,Karl Weierstrass,
http://www.wikidata.org/entity/Q57130,Helmuth von Moltke the Younger,
http://www.wikidata.org/entity/Q44413,Philippe Omnès,
http://www.wikidata.org/entity/Q57395,Helmut Newton,
http://www.wikidata.org/entity/Q60380,Carola of Vasa,
http://www.wikidata.org/entity/Q60443,Bruno Loerzer,
http://www.wikidata.org/entity/Q58290,Marty Natalegawa,
http://www.wikidata.org/entity/Q65752,Bastian Steger,
http://www.wikidata.org/entity/Q65871,Barbara Sophie of Brandenburg,
http://www.wikidata.org/entity/Q72339,David Kipiani,
http://www.wikidata.org/entity/Q56228,Bruno the Great,
http://www.wikidata.org/entity/Q57168,Christoph Schneider,
http://www.wikidata.org/entity/Q44624,Peter Canisius,
http://www.wikidata.org/entity/Q44647,Otfried Preußler,
http://www.wikidata.org/entity/Q73555,Dieter Brenninger,
http://www.wikidata.org/entity/Q53451,John I Albert,
http://www.wikidata.org/entity/Q47516,Pierre Littbarski,
http://www.wikidata.org/entity/Q51002,Jerry Rawlings,
http://www.wikidata.org/entity/Q51066,István Gulyás,
http://www.wikidata.org/entity/Q47517,Dragiša Binić,
http://www.wikidata.org/entity/Q44507,Edmund Stoiber,
http://www.wikidata.org/entity/Q69339,Nathaniel Hawthorne,
http://www.wikidata.org/entity/Q44575,Eduardo Galeano,
http://www.wikidata.org/entity/Q44555,Crazy Horse,
http://www.wikidata.org/entity/Q56635,John Lloyd Stephens,
http://www.wikidata.org/entity/Q53454,John III Sobieski,
http://www.wikidata.org/entity/Q53545,Jan-Michael Gambill,
http://www.wikidata.org/entity/Q60360,Martin Harnik,
http://www.wikidata.org/entity/Q60480,Miriam Neureuther,
http://www.wikidata.org/entity/Q57416,Joseph Kabila,
http://www.wikidata.org/entity/Q72575,Duke William Frederick Philip of Württemberg,
http://www.wikidata.org/entity/Q71690,Eberhard von Kuenheim,
http://www.wikidata.org/entity/Q76837,Daniel Cohn-Bendit,
http://www.wikidata.org/entity/Q57437,Heinrich Hoffmann (photographer),
http://www.wikidata.org/entity/Q57493,Iolu Abil,
http://www.wikidata.org/entity/Q64762,Wilhelm Batz,
http://www.wikidata.org/entity/Q47120,David Oistrakh,
http://www.wikidata.org/entity/Q63377,Bagrat V of Imereti,
http://www.wikidata.org/entity/Q63331,Wend von Wietersheim,
http://www.wikidata.org/entity/Q57329,Danilo Türk,
http://www.wikidata.org/entity/Q62941,Walter Oesau,
http://www.wikidata.org/entity/Q53372,Julia Cohen,
http://www.wikidata.org/entity/Q75786,Eduard Bernstein,
http://www.wikidata.org/entity/Q58620,Hans Fritzsche,
http://www.wikidata.org/entity/Q29571,Jeanne Villepreux-Power,
http://www.wikidata.org/entity/Q39691,Johann Ludwig Burckhardt,
http://www.wikidata.org/entity/Q49214,Dan Quayle,
http://www.wikidata.org/entity/Q59824,Kim Hunter,
http://www.wikidata.org/entity/Q66782,August Heissmeyer,
http://www.wikidata.org/entity/Q57898,Ignacio Milam Tang,
http://www.wikidata.org/entity/Q77039,Meryem Uzerli,
http://www.wikidata.org/entity/Q63138,Alfred Hettner,
http://www.wikidata.org/entity/Q57379,Dalia Grybauskaitė,
http://www.wikidata.org/entity/Q57295,Ivan Gašparovič,
http://www.wikidata.org/entity/Q42180,Israel Kamakawiwoʻole,
http://www.wikidata.org/entity/Q42985,Ivan Pavlov,
http://www.wikidata.org/entity/Q31760,Jussiê,
http://www.wikidata.org/entity/Q63784,Barbara von Krüdener,
http://www.wikidata.org/entity/Q63775,"Wolfgang, Count Palatine of Zweibrücken",
http://www.wikidata.org/entity/Q57992,Johannes Peter Müller,
http://www.wikidata.org/entity/Q58079,Karl Erjavec,
http://www.wikidata.org/entity/Q76498,Michael Ende,
http://www.wikidata.org/entity/Q57699,Hamadi Jebali,
http://www.wikidata.org/entity/Q31980,José Luis Panizo,
http://www.wikidata.org/entity/Q57778,Klaus Tschütscher,
http://www.wikidata.org/entity/Q57839,Julius Richard Petri,
http://www.wikidata.org/entity/Q58812,Hermann Carl Vogel,
http://www.wikidata.org/entity/Q58851,Karl Bühler,
http://www.wikidata.org/entity/Q37062,John VIII Palaiologos,
http://www.wikidata.org/entity/Q37355,John Michael Talbot,
http://www.wikidata.org/entity/Q76123,Nadine Keßler,
http://www.wikidata.org/entity/Q47149,Pope Sylvester I,
http://www.wikidata.org/entity/Q43943,José Touré,
http://www.wikidata.org/entity/Q68746,Benno von Arent,
http://www.wikidata.org/entity/Q60843,Alexander I of Scotland,
http://www.wikidata.org/entity/Q58853,Karl-Otto Apel,
http://www.wikidata.org/entity/Q61043,Abraham Fraenkel,
http://www.wikidata.org/entity/Q63320,Walter Krüger (Wehrmacht general),
http://www.wikidata.org/entity/Q48544,Cosimo de' Medici,
http://www.wikidata.org/entity/Q60024,Hermann von Helmholtz,
http://www.wikidata.org/entity/Q58573,Pope Clement II,
http://www.wikidata.org/entity/Q64778,Zygmunt Chychła,
http://www.wikidata.org/entity/Q53564,Doris Hart,
http://www.wikidata.org/entity/Q76866,Mohamed Zidan,
http://www.wikidata.org/entity/Q58586,Edmund Husserl,
http://www.wikidata.org/entity/Q71931,Duke Clement Francis of Bavaria,
http://www.wikidata.org/entity/Q57306,Jalal Talabani,
http://www.wikidata.org/entity/Q73087,Benedikt Carpzov Jr.,
http://www.wikidata.org/entity/Q69526,Wilhelm His Jr.,
http://www.wikidata.org/entity/Q44972,Peter Altenberg,
http://www.wikidata.org/entity/Q65146,Anne Henriette of Bavaria,
http://www.wikidata.org/entity/Q63543,Helmut Rix,
http://www.wikidata.org/entity/Q63551,Henryk Grossman,
http://www.wikidata.org/entity/Q63723,Helge Meeuw,
http://www.wikidata.org/entity/Q28900,John G. Kemeny,
http://www.wikidata.org/entity/Q57073,Daniel Gabriel Fahrenheit,
http://www.wikidata.org/entity/Q62309,Hans Albert,
http://www.wikidata.org/entity/Q62675,Helmut Knochen,
http://www.wikidata.org/entity/Q62702,Heinrich Frauenlob,
http://www.wikidata.org/entity/Q58801,Conrad Veidt,
http://www.wikidata.org/entity/Q58788,Princess Elisabeth of Saxony,
http://www.wikidata.org/entity/Q77696,Curt von Gottberg,
http://www.wikidata.org/entity/Q61177,Helmold,
http://www.wikidata.org/entity/Q59180,Diogenes,
http://www.wikidata.org/entity/Q62626,Albrecht Brandi,
http://www.wikidata.org/entity/Q62881,Antje Harvey,
http://www.wikidata.org/entity/Q65389,Alfred Dregger,
http://www.wikidata.org/entity/Q57429,Danilo Medina,
http://www.wikidata.org/entity/Q57469,Hifikepunye Pohamba,
http://www.wikidata.org/entity/Q57488,Jakaya Kikwete,
http://www.wikidata.org/entity/Q49752,Pierre de Ronsard,
http://www.wikidata.org/entity/Q55733,Otylia Jędrzejczak,
http://www.wikidata.org/entity/Q56174,Darleane C. Hoffman,
http://www.wikidata.org/entity/Q73176,Anne Enright,
http://www.wikidata.org/entity/Q53120,Dylan McDermott,
http://www.wikidata.org/entity/Q57531,Princess Ludovika of Bavaria,
http://www.wikidata.org/entity/Q57533,Princess Wilhelmine of Baden,
http://www.wikidata.org/entity/Q60371,Prince Joachim of Prussia,
http://www.wikidata.org/entity/Q60709,Prince William of Hesse-Kassel,
http://www.wikidata.org/entity/Q63854,Alex Holzwarth,
http://www.wikidata.org/entity/Q63868,Andreas Dittmer,
http://www.wikidata.org/entity/Q77926,Dorothea Viehmann,
http://www.wikidata.org/entity/Q65106,Alexandra Maria Lara,
http://www.wikidata.org/entity/Q67295,Otto Ammon,
http://www.wikidata.org/entity/Q58001,Duchess Alexandra of Oldenburg,
http://www.wikidata.org/entity/Q67069,Peter-Erich Cremer,
http://www.wikidata.org/entity/Q60137,Eckhart Tolle,
http://www.wikidata.org/entity/Q69483,Arthur Rudolf Hantzsch,
http://www.wikidata.org/entity/Q57539,Otto Pérez Molina,
http://www.wikidata.org/entity/Q57584,Curd Jürgens,
http://www.wikidata.org/entity/Q60171,"Henry IX, Duke of Bavaria",
http://www.wikidata.org/entity/Q58231,Peter David (politician),
http://www.wikidata.org/entity/Q58563,Pope Victor II,
http://www.wikidata.org/entity/Q78019,Karl Wilhelm Valentiner,
http://www.wikidata.org/entity/Q58670,Princess Charlotte of Prussia,
http://www.wikidata.org/entity/Q60030,Herbert Marcuse,
http://www.wikidata.org/entity/Q61221,Amalie Auguste of Bavaria,
http://www.wikidata.org/entity/Q61795,Alfred Schwarzmann,
http://www.wikidata.org/entity/Q61796,"Albert III, Duke of Bavaria",
http://www.wikidata.org/entity/Q63816,Heinrich George,
http://www.wikidata.org/entity/Q59734,Demetrius I of Macedon,
http://www.wikidata.org/entity/Q65899,Alexander von Bunge,
http://www.wikidata.org/entity/Q66046,Alexander Pusch,
http://www.wikidata.org/entity/Q64701,Hans Loritz,
http://www.wikidata.org/entity/Q84799,Karl Angerstein,
http://www.wikidata.org/entity/Q85237,Kasimir Graff,
http://www.wikidata.org/entity/Q60132,Julius Wilbrand,
http://www.wikidata.org/entity/Q73540,Otto Schuhart,
http://www.wikidata.org/entity/Q73946,Petra Felke,
http://www.wikidata.org/entity/Q71893,Oskar Deecke,
http://www.wikidata.org/entity/Q71903,Otto Brahm,
http://www.wikidata.org/entity/Q65915,Hans Herrmann,
http://www.wikidata.org/entity/Q65973,Herbert Freudenberger,
http://www.wikidata.org/entity/Q78725,Karl Eibl,
http://www.wikidata.org/entity/Q60539,Horst Buchholz,
http://www.wikidata.org/entity/Q60690,Hermann von Keyserling,
http://www.wikidata.org/entity/Q61541,Hans Stuck,
http://www.wikidata.org/entity/Q77736,Alexander Meissner,
http://www.wikidata.org/entity/Q71248,Alexander Gerst,
http://www.wikidata.org/entity/Q75849,Alfred Rosenberg,
http://www.wikidata.org/entity/Q70920,Angela Maurer,
http://www.wikidata.org/entity/Q77370,Paul Rudolf von Bilguer,
http://www.wikidata.org/entity/Q77457,Paul Möhring,
http://www.wikidata.org/entity/Q60363,Hugo Junkers,
http://www.wikidata.org/entity/Q67102,Heinrich Carl Haussknecht,
http://www.wikidata.org/entity/Q67578,Hans Jüttner,
http://www.wikidata.org/entity/Q77178,Angelique Kerber,
http://www.wikidata.org/entity/Q72507,Adalbert Bezzenberger,
http://www.wikidata.org/entity/Q72652,Albert R. Broccoli,
http://www.wikidata.org/entity/Q76514,Alfred Weber,
http://www.wikidata.org/entity/Q76635,Alfred Naujocks,
http://www.wikidata.org/entity/Q73013,Peter Crüger,
http://www.wikidata.org/entity/Q73034,Paul Felix Schmidt,
http://www.wikidata.org/entity/Q67903,Helma Sanders-Brahms,
http://www.wikidata.org/entity/Q76002,Arthur Spiethoff,
http://www.wikidata.org/entity/Q70532,Hans Georg Dehmelt,
http://www.wikidata.org/entity/Q75860,Annemarie Schimmel,
http://www.wikidata.org/entity/Q75927,Alfred Bülowius,
http://www.wikidata.org/entity/Q79137,Alfred Ritter von Hubicki,
http://www.wikidata.org/entity/Q80048,Al Capone,
http://www.wikidata.org/entity/Q76203,Paul Scharfe,
http://www.wikidata.org/entity/Q75417,Adolf Paul,
http://www.wikidata.org/entity/Q75692,"Adalbert, Margrave of Austria",
http://www.wikidata.org/entity/Q68265,"Henry VI, Count Palatine of the Rhine",
http://www.wikidata.org/entity/Q80612,Anaximenes of Miletus,
http://www.wikidata.org/entity/Q80226,Abbas Mirza,
http://www.wikidata.org/entity/Q76487,Paul Heyse,
http://www.wikidata.org/entity/Q71288,Paul Gerber,
http://www.wikidata.org/entity/Q86001,Alice Orlowski,
http://www.wikidata.org/entity/Q84630,Karl Hartl,
http://www.wikidata.org/entity/Q76167,Abdurrahman Wahid,
http://www.wikidata.org/entity/Q78477,Joseph Schumpeter,
http://www.wikidata.org/entity/Q86417,Kerstin Gier,
http://www.wikidata.org/entity/Q77936,Andreas Stihl,
http://www.wikidata.org/entity/Q78836,Alois Negrelli,
http://www.wikidata.org/entity/Q69617,Hans Jordan,
http://www.wikidata.org/entity/Q82840,Alvar Aalto,
http://www.wikidata.org/entity/Q66989,Harald Czudaj,
http://www.wikidata.org/entity/Q78214,Alfred Kurella,
http://www.wikidata.org/entity/Q77067,Otto of Greece,
http://www.wikidata.org/entity/Q69631,Harald Weinrich,
http://www.wikidata.org/entity/Q78852,Count Manfred von Clary-Aldringen,
http://www.wikidata.org/entity/Q78918,Clemens Krauss,
http://www.wikidata.org/entity/Q78198,Alexander Radwan,
http://www.wikidata.org/entity/Q83007,Christine Mailliet,
http://www.wikidata.org/entity/Q60810,Hans Langsdorff,
http://www.wikidata.org/entity/Q77340,Adolf Lüderitz,
http://www.wikidata.org/entity/Q83041,Anaxagoras,
http://www.wikidata.org/entity/Q80739,Charlton Heston,
http://www.wikidata.org/entity/Q76734,Hans Poelzig,
http://www.wikidata.org/entity/Q78617,Count Richard Belcredi,
http://www.wikidata.org/entity/Q5383,David Bowie,
http://www.wikidata.org/entity/Q76184,Herbert Selpin,
http://www.wikidata.org/entity/Q7487,Dorothy Hodgkin,
http://www.wikidata.org/entity/Q76518,Hans Vaihinger,
http://www.wikidata.org/entity/Q92483,Alwin-Broder Albrecht,
http://www.wikidata.org/entity/Q84303,Catherine of Cleves (1417–1479),
http://www.wikidata.org/entity/Q85117,Christian Saceanu,
http://www.wikidata.org/entity/Q71126,Hans von Lehwaldt,
http://www.wikidata.org/entity/Q9162,David Oliver (hurdler),
http://www.wikidata.org/entity/Q6348,Caterine Ibargüen,
http://www.wikidata.org/entity/Q6427,Christina Obergföll,
http://www.wikidata.org/entity/Q89546,Joseph von Hammer-Purgstall,
http://www.wikidata.org/entity/Q85140,Cyrill Demian,
http://www.wikidata.org/entity/Q10732,Daniel Pudil,
http://www.wikidata.org/entity/Q76539,Hans Fallada,
http://www.wikidata.org/entity/Q76568,Heinrich Cornelius Agrippa,
http://www.wikidata.org/entity/Q90332,Andreas Bolek,
http://www.wikidata.org/entity/Q78865,Eduard von Bauernfeld,
http://www.wikidata.org/entity/Q77524,Herman Frasch,
http://www.wikidata.org/entity/Q10785,Cristian Battocchio,
http://www.wikidata.org/entity/Q11674,David Paterson,
http://www.wikidata.org/entity/Q73269,Hellmuth Mäder,
http://www.wikidata.org/entity/Q77012,Heinrich Rickert,
http://www.wikidata.org/entity/Q81447,Aldous Huxley,
http://www.wikidata.org/entity/Q91591,August Maus,
http://www.wikidata.org/entity/Q76480,Heinrich Mann,
http://www.wikidata.org/entity/Q91785,Anna Frebel,
http://www.wikidata.org/entity/Q77161,Hans Morgenthau,
http://www.wikidata.org/entity/Q90067,Anna Thalbach,
http://www.wikidata.org/entity/Q96744,Karl Friedrich Wilhelm Jessen,
http://www.wikidata.org/entity/Q5921,Chuck Berry,
http://www.wikidata.org/entity/Q14049,Spencer Fullerton Baird,
http://www.wikidata.org/entity/Q83498,"Danny Rose (footballer, born 1990)",
http://www.wikidata.org/entity/Q92923,Charles Goldfarb,
http://www.wikidata.org/entity/Q80992,Caterina Sforza,
http://www.wikidata.org/entity/Q18804,Rebecca Black,
http://www.wikidata.org/entity/Q8413,Constantine the Great,
http://www.wikidata.org/entity/Q76604,Hans Fischer,
http://www.wikidata.org/entity/Q93883,Ahmed Adly,
http://www.wikidata.org/entity/Q86181,Frederick of Hohenau,
http://www.wikidata.org/entity/Q95687,Claus Korth,
http://www.wikidata.org/entity/Q95731,Christian Ahlmann,
http://www.wikidata.org/entity/Q28777,Guan Hanqing,
http://www.wikidata.org/entity/Q81227,Hernán Gaviria,
http://www.wikidata.org/entity/Q95175,André Weßels,
http://www.wikidata.org/entity/Q78720,Ignaz Seipel,
http://www.wikidata.org/entity/Q78830,Georg Prochaska,
http://www.wikidata.org/entity/Q79002,Irene Abendroth,
http://www.wikidata.org/entity/Q85057,Gerhard Dörfler,
http://www.wikidata.org/entity/Q85928,Eduard Pernkopf,
http://www.wikidata.org/entity/Q84516,"Franz Stadion, Count von Warthausen",
http://www.wikidata.org/entity/Q84614,Friedrich Rainer,
http://www.wikidata.org/entity/Q82816,Daniel Ricciardo,
http://www.wikidata.org/entity/Q17892,Sappho,
http://www.wikidata.org/entity/Q18920,Steve Jablonsky,
http://www.wikidata.org/entity/Q61209,Gerd Albrecht,
http://www.wikidata.org/entity/Q19837,Steve Jobs,
http://www.wikidata.org/entity/Q15414,Robert Elias Fries,
http://www.wikidata.org/entity/Q15803,Simon Jenko,
http://www.wikidata.org/entity/Q87063,Dora Kallmus,
http://www.wikidata.org/entity/Q87070,Dennis Wolf,
http://www.wikidata.org/entity/Q18753,Roberto Trashorras,
http://www.wikidata.org/entity/Q61723,Gustav Landauer,
http://www.wikidata.org/entity/Q23358,Stanley Bruce,
http://www.wikidata.org/entity/Q87556,Dorothea Susanne of Simmern,
http://www.wikidata.org/entity/Q80501,David Manoyan,
http://www.wikidata.org/entity/Q86499,Friedrich Christian Weber,
http://www.wikidata.org/entity/Q42156,Henri Bergson,
http://www.wikidata.org/entity/Q84802,Eberhard Godt,
http://www.wikidata.org/entity/Q85433,Doris Bures,
http://www.wikidata.org/entity/Q28921,Hanna Schygulla,
http://www.wikidata.org/entity/Q29085,Hayam Wuruk,
http://www.wikidata.org/entity/Q23405,Ted Ligety,
http://www.wikidata.org/entity/Q63730,Genelia D'Souza,
http://www.wikidata.org/entity/Q61869,Gottfried Heinrich Graf zu Pappenheim,
http://www.wikidata.org/entity/Q61977,Gershon Kingsley,
http://www.wikidata.org/entity/Q20430,Sergey Kapitsa,
http://www.wikidata.org/entity/Q20717,Sebastian Ingrosso,
http://www.wikidata.org/entity/Q66260,Gunter d'Alquen,
http://www.wikidata.org/entity/Q66332,Georg Friedrich Knapp,
http://www.wikidata.org/entity/Q42731,Fernando Torres,
http://www.wikidata.org/entity/Q70170,Georg Konrad Morgen,
http://www.wikidata.org/entity/Q70465,Gustav von Vaerst,
http://www.wikidata.org/entity/Q62413,Gustav Karl Wilhelm Hermann Karsten,
http://www.wikidata.org/entity/Q62463,Georg Hermann Quincke,
http://www.wikidata.org/entity/Q40933,Eva Perón,
http://www.wikidata.org/entity/Q79102,Fritzi Massary,
http://www.wikidata.org/entity/Q44616,Wyatt Earp,
http://www.wikidata.org/entity/Q96723,Arnold von Winckler,
http://www.wikidata.org/entity/Q44362,Theo Rossi,
http://www.wikidata.org/entity/Q44383,Tarcisio Bertone,
http://www.wikidata.org/entity/Q88764,Franz Novak,
http://www.wikidata.org/entity/Q65570,Georg von Bismarck,
http://www.wikidata.org/entity/Q24040,Takashi Uchiyama,
http://www.wikidata.org/entity/Q24311,Richard Meinertzhagen,
http://www.wikidata.org/entity/Q87788,Friedrich Kriehuber,
http://www.wikidata.org/entity/Q38203,Helen Keller,
http://www.wikidata.org/entity/Q92783,Fred Cohen,
http://www.wikidata.org/entity/Q93503,Friedrich Adler (politician),
http://www.wikidata.org/entity/Q34460,Gwyneth Paltrow,
http://www.wikidata.org/entity/Q23517,Ricky Gervais,
http://www.wikidata.org/entity/Q25078,Terry Gilliam,
http://www.wikidata.org/entity/Q96895,Anton Dunckern,
http://www.wikidata.org/entity/Q65400,Gustav Kunze,
http://www.wikidata.org/entity/Q27820,Lucien Gaudin,
http://www.wikidata.org/entity/Q25917,Rolando Tucker,
http://www.wikidata.org/entity/Q44340,Uli Hoeneß,
http://www.wikidata.org/entity/Q45305,Barys Kit,
http://www.wikidata.org/entity/Q95686,Gerd Suhren,
http://www.wikidata.org/entity/Q34624,Giovanni Gabrieli,
http://www.wikidata.org/entity/Q26243,Sophie Moressée-Pichot,
http://www.wikidata.org/entity/Q27572,Patrick Ebert,
http://www.wikidata.org/entity/Q64162,Ludwig von Pastor,
http://www.wikidata.org/entity/Q64973,Kurt Welter,
http://www.wikidata.org/entity/Q44222,Ulrich Schreck,
http://www.wikidata.org/entity/Q83106,Jürgen Klopp,
http://www.wikidata.org/entity/Q68225,Gustav Zeuner,
http://www.wikidata.org/entity/Q44281,Ignatius of Loyola,
http://www.wikidata.org/entity/Q45610,Acker Bilk,
http://www.wikidata.org/entity/Q86820,Hugo Huppert,
http://www.wikidata.org/entity/Q63277,"Louis VI, Elector Palatine",
http://www.wikidata.org/entity/Q63399,"Louis IV, Landgrave of Thuringia",
http://www.wikidata.org/entity/Q84827,Hubert Marischka,
http://www.wikidata.org/entity/Q84535,Humbert Achamer-Pifrader,
http://www.wikidata.org/entity/Q84719,Ingo Preminger,
http://www.wikidata.org/entity/Q28783,Michael Buffer,
http://www.wikidata.org/entity/Q46087,Anouk (singer),
http://www.wikidata.org/entity/Q89700,Jürgen Fanghänel,
http://www.wikidata.org/entity/Q29086,Matthew Lillard,
http://www.wikidata.org/entity/Q44412,Hans Christian Ørsted,
http://www.wikidata.org/entity/Q83184,Jacinto Benavente,
http://www.wikidata.org/entity/Q46750,Valerian (emperor),
http://www.wikidata.org/entity/Q29473,Pietro Metastasio,
http://www.wikidata.org/entity/Q29538,Olive Dennis,
http://www.wikidata.org/entity/Q47309,Takeshi Motoyoshi,
http://www.wikidata.org/entity/Q26876,Taylor Swift,
http://www.wikidata.org/entity/Q85826,Ignaz Czapka,
http://www.wikidata.org/entity/Q86362,Jakob Rosenfeld,
http://www.wikidata.org/entity/Q49080,Isaac Babel,
http://www.wikidata.org/entity/Q65709,Kurt Kuschela,
http://www.wikidata.org/entity/Q65221,Kurt Reidemeister,
http://www.wikidata.org/entity/Q45038,Iasmin Latovlevici,
http://www.wikidata.org/entity/Q93820,Franz Welser-Möst,
http://www.wikidata.org/entity/Q30787,Melanie Oudin,
http://www.wikidata.org/entity/Q31129,Queen Paola of Belgium,
http://www.wikidata.org/entity/Q90756,Jan Schäfer,
http://www.wikidata.org/entity/Q86419,Ignaz Kuranda,
http://www.wikidata.org/entity/Q29339,Maniche,
http://www.wikidata.org/entity/Q91504,Jacob Matschenz,
http://www.wikidata.org/entity/Q92357,Jakob Fugger the Elder,
http://www.wikidata.org/entity/Q61453,Kurd Lasswitz,
http://www.wikidata.org/entity/Q62131,Ludwig Biermann,
http://www.wikidata.org/entity/Q62831,Ludwig Büchner,
http://www.wikidata.org/entity/Q48589,Zenta Mauriņa,
http://www.wikidata.org/entity/Q46479,Zarah Leander,
http://www.wikidata.org/entity/Q46868,I. M. Pei,
http://www.wikidata.org/entity/Q32732,Malala Yousafzai,
http://www.wikidata.org/entity/Q47548,Víctor Valdés,
http://www.wikidata.org/entity/Q72046,Kostja Ullmann,
http://www.wikidata.org/entity/Q49216,Walter Mondale,
http://www.wikidata.org/entity/Q53547,Vitas Gerulaitis,
http://www.wikidata.org/entity/Q70595,Wiltrud Probst,
http://www.wikidata.org/entity/Q50926,Zita of Bourbon-Parma,
http://www.wikidata.org/entity/Q50612,Susan Rice,
http://www.wikidata.org/entity/Q93187,Hilary Swank,
http://www.wikidata.org/entity/Q61255,Kuno Fischer,
http://www.wikidata.org/entity/Q53325,Arthur Ashe,
http://www.wikidata.org/entity/Q47179,Airlangga,
http://www.wikidata.org/entity/Q68198,Kurt von Briesen,
http://www.wikidata.org/entity/Q72353,Zydrunas Ilgauskas,
http://www.wikidata.org/entity/Q69594,Wilhelm Weinberg,
http://www.wikidata.org/entity/Q92660,James Clark (programmer),
http://www.wikidata.org/entity/Q50656,Zacharie Astruc,
http://www.wikidata.org/entity/Q92857,Ivar Jacobson,
http://www.wikidata.org/entity/Q55453,Augusto Genina,
http://www.wikidata.org/entity/Q55402,Yasujirō Ozu,
http://www.wikidata.org/entity/Q71372,Lily Braun,
http://www.wikidata.org/entity/Q71409,Lee Lawrie,
http://www.wikidata.org/entity/Q34658,Michael Reiziger,
http://www.wikidata.org/entity/Q31215,Miloš Crnjanski,
http://www.wikidata.org/entity/Q57300,Bamir Topi,
http://www.wikidata.org/entity/Q34256,Misaki Doi,
http://www.wikidata.org/entity/Q34430,Pierre Edmond Boissier,
http://www.wikidata.org/entity/Q49744,Victor Horta,
http://www.wikidata.org/entity/Q57421,Tsakhiagiin Elbegdorj,
http://www.wikidata.org/entity/Q57572,Werner von Fritsch,
http://www.wikidata.org/entity/Q53294,Arvid Lindman,
http://www.wikidata.org/entity/Q46814,Severus II,
http://www.wikidata.org/entity/Q55838,Stanisław Ostrowski,
http://www.wikidata.org/entity/Q37615,Luciano Pavarotti,
http://www.wikidata.org/entity/Q46846,Valentinian II,
http://www.wikidata.org/entity/Q55915,Włodzimierz Cimoszewicz,
http://www.wikidata.org/entity/Q36195,Molly Quinn,
http://www.wikidata.org/entity/Q78544,Hermann Kövess von Kövessháza,
http://www.wikidata.org/entity/Q58311,Avigdor Lieberman,
http://www.wikidata.org/entity/Q58267,Yusuf bin Alawi bin Abdullah,
http://www.wikidata.org/entity/Q53553,Alexa Glatch,
http://www.wikidata.org/entity/Q57703,Viktor Lutze,
http://www.wikidata.org/entity/Q51519,Alan J. Pakula,
http://www.wikidata.org/entity/Q54670,Sloane Stephens,
http://www.wikidata.org/entity/Q57806,Antonis Samaras,
http://www.wikidata.org/entity/Q54022,Stanisław Leszczyński,
http://www.wikidata.org/entity/Q81328,Harrison Ford,
http://www.wikidata.org/entity/Q38484,Romano Prodi,
http://www.wikidata.org/entity/Q57670,Yingluck Shinawatra,
http://www.wikidata.org/entity/Q73679,William Trousdale,
http://www.wikidata.org/entity/Q57674,Sophia Charlotte of Hanover,
http://www.wikidata.org/entity/Q57826,Thongsing Thammavong,
http://www.wikidata.org/entity/Q55720,"Sarah, Duchess of York",
http://www.wikidata.org/entity/Q55198,Alexander Dovzhenko,
http://www.wikidata.org/entity/Q55450,Aldo Fabrizi,
http://www.wikidata.org/entity/Q57625,Sali Berisha,
http://www.wikidata.org/entity/Q39259,Recep Tayyip Erdoğan,
http://www.wikidata.org/entity/Q54054,Władysław IV Vasa,
http://www.wikidata.org/entity/Q57640,Andrus Ansip,
http://www.wikidata.org/entity/Q68452,Kurt von der Chevallerie,
http://www.wikidata.org/entity/Q69304,"Ludwig III, Count of Württemberg",
http://www.wikidata.org/entity/Q76707,Wilhelm Eduard Weber,
http://www.wikidata.org/entity/Q75516,Werner Hartenstein,
http://www.wikidata.org/entity/Q53570,Barbara Jordan (tennis),
http://www.wikidata.org/entity/Q53560,Tommy Haas,
http://www.wikidata.org/entity/Q72746,Ludwig Heilmann,
http://www.wikidata.org/entity/Q73058,Willard Boyle,
http://www.wikidata.org/entity/Q56705,Aleksander Chodźko,
http://www.wikidata.org/entity/Q57078,Adolf von Baeyer,
http://www.wikidata.org/entity/Q77189,"Lothair III, Holy Roman Emperor",
http://www.wikidata.org/entity/Q53701,Axel Pehrsson-Bramstorp,
http://www.wikidata.org/entity/Q59064,Andros Townsend,
http://www.wikidata.org/entity/Q39318,Naftali Bennett,
http://www.wikidata.org/entity/Q37628,Mila Kunis,
http://www.wikidata.org/entity/Q39595,Ptolemy IV Philopator,
http://www.wikidata.org/entity/Q57142,Timo Hildebrand,
http://www.wikidata.org/entity/Q68761,Elsa Einstein,
http://www.wikidata.org/entity/Q85027,Herbert J. Gans,
http://www.wikidata.org/entity/Q57298,Abdullah of Saudi Arabia,
http://www.wikidata.org/entity/Q57187,Stefan George,
http://www.wikidata.org/entity/Q57336,Ali Khamenei,
http://www.wikidata.org/entity/Q57983,Andreas Sigismund Marggraf,
http://www.wikidata.org/entity/Q38794,Rildo da Costa Menezes,
http://www.wikidata.org/entity/Q41508,Ludwig Mies van der Rohe,
http://www.wikidata.org/entity/Q57274,Yoweri Museveni,
http://www.wikidata.org/entity/Q38680,Ľubomír Kolník,
http://www.wikidata.org/entity/Q58091,Stavros Dimas,
http://www.wikidata.org/entity/Q58156,Saud bin Faisal Al Saud (1940–2015),
http://www.wikidata.org/entity/Q85404,Yury Osipov,
http://www.wikidata.org/entity/Q57279,Traian Băsescu,
http://www.wikidata.org/entity/Q37193,Robert Koch,
http://www.wikidata.org/entity/Q57838,Wu Den-yih,
http://www.wikidata.org/entity/Q59428,"Ashley Westwood (footballer, born 1990)",
http://www.wikidata.org/entity/Q60239,Wilhelm Dörpfeld,
http://www.wikidata.org/entity/Q86525,Helene von Druskowitz,
http://www.wikidata.org/entity/Q75913,Walther Penck,
http://www.wikidata.org/entity/Q76361,Wilhelm Keitel,
http://www.wikidata.org/entity/Q58147,Aurelia Frick,
http://www.wikidata.org/entity/Q86041,Hans-Gerrit von Stockhausen,
http://www.wikidata.org/entity/Q41590,Mircea Eliade,
http://www.wikidata.org/entity/Q40110,Muhammad Jamalul Alam II,
http://www.wikidata.org/entity/Q77423,Wilhelm Kube,
http://www.wikidata.org/entity/Q41148,Martin Scorsese,
http://www.wikidata.org/entity/Q60715,Walther Hewel,
http://www.wikidata.org/entity/Q77069,Leonhard Frank,
http://www.wikidata.org/entity/Q60809,Ansel Adams,
http://www.wikidata.org/entity/Q77417,Lazarus Spengler,
http://www.wikidata.org/entity/Q84920,Herbert Rappaport,
http://www.wikidata.org/entity/Q60568,"William V, Duke of Bavaria",
http://www.wikidata.org/entity/Q39976,Ptolemy VII Neos Philopator,
http://www.wikidata.org/entity/Q58830,Wilhelm Filchner,
http://www.wikidata.org/entity/Q39672,Matt Sorum,
http://www.wikidata.org/entity/Q41652,Michael I Rangabe,
http://www.wikidata.org/entity/Q57363,Andry Rajoelina,
http://www.wikidata.org/entity/Q58799,Wolfgang Borchert,
http://www.wikidata.org/entity/Q60577,Yohann Pelé,
http://www.wikidata.org/entity/Q41421,Michael Jordan,
http://www.wikidata.org/entity/Q60547,Warren Rudman,
http://www.wikidata.org/entity/Q69947,"Engelbert III of the Marck, Archbishop of Cologne",
http://www.wikidata.org/entity/Q69139,Felicitas Hoppe,
http://www.wikidata.org/entity/Q69272,Erna Wallisch,
http://www.wikidata.org/entity/Q89188,Slobodan Jovanović,
http://www.wikidata.org/entity/Q73014,Erhard Weigel,
http://www.wikidata.org/entity/Q60306,Anita Pallenberg,
http://www.wikidata.org/entity/Q92034,Helmuth Groscurth,
http://www.wikidata.org/entity/Q43264,Manoel de Oliveira,
http://www.wikidata.org/entity/Q60351,Sebastian Brant,
http://www.wikidata.org/entity/Q59490,Serge Gnabry,
http://www.wikidata.org/entity/Q74572,Eliphas Shivute,
http://www.wikidata.org/entity/Q74731,Félix Welkenhuysen,
http://www.wikidata.org/entity/Q77956,L. F. L. Oppenheim,
http://www.wikidata.org/entity/Q77949,Wilhelm Meisel,
http://www.wikidata.org/entity/Q96483,Henry Ernest of Stolberg-Wernigerode,
http://www.wikidata.org/entity/Q41921,Rosa Parks,
http://www.wikidata.org/entity/Q60540,Ali Ahamada,
http://www.wikidata.org/entity/Q67583,Aaron Bernstein,
http://www.wikidata.org/entity/Q68343,Ernst Schwarz (zoologist),
http://www.wikidata.org/entity/Q68419,Ehrenfried Patzel,
http://www.wikidata.org/entity/Q44039,Ludwig II of Bavaria,
http://www.wikidata.org/entity/Q74076,Ferdinand Schaal,
http://www.wikidata.org/entity/Q14027,Tony Romo,
http://www.wikidata.org/entity/Q76425,Emil von Behring,
http://www.wikidata.org/entity/Q14974,Vladimir the Great,
http://www.wikidata.org/entity/Q93027,Henri Gouraud (computer scientist),
http://www.wikidata.org/entity/Q60657,"Albert Casimir, Duke of Teschen",
http://www.wikidata.org/entity/Q59560,Teemu Laakso,
http://www.wikidata.org/entity/Q59204,Alberto Lattuada,
http://www.wikidata.org/entity/Q76433,Eva Braun,
http://www.wikidata.org/entity/Q78567,Prince Aloys of Liechtenstein,
http://www.wikidata.org/entity/Q89868,Silke Meier,
http://www.wikidata.org/entity/Q93070,Shmuel Winograd,
http://www.wikidata.org/entity/Q16996,Vsevolod Solovyov,
http://www.wikidata.org/entity/Q41838,Michael V Kalaphates,
http://www.wikidata.org/entity/Q77126,Erwin Neher,
http://www.wikidata.org/entity/Q77203,Ferdinand von Lindemann,
http://www.wikidata.org/entity/Q92748,Yukihiro Matsumoto,
http://www.wikidata.org/entity/Q25483,Todd Young,
http://www.wikidata.org/entity/Q26014,Volodymyr Shekhovtsov,
http://www.wikidata.org/entity/Q26045,Varvara Myasnikova,
http://www.wikidata.org/entity/Q41657,Romanos III Argyros,
http://www.wikidata.org/entity/Q77288,Ehrenfried Walther von Tschirnhaus,
http://www.wikidata.org/entity/Q61142,Claudia Kohde-Kilsch,
http://www.wikidata.org/entity/Q67268,Christian Petzold (director),
http://www.wikidata.org/entity/Q21767,Tracy Caldwell Dyson,
http://www.wikidata.org/entity/Q66123,Carl Joseph Begas,
http://www.wikidata.org/entity/Q66165,Christian Samuel Weiss,
http://www.wikidata.org/entity/Q60045,Albert Speer,
http://www.wikidata.org/entity/Q76774,Ferdinand Cohn,
http://www.wikidata.org/entity/Q19365,Vicente Guaita,
http://www.wikidata.org/entity/Q59416,Alena Leonova,
http://www.wikidata.org/entity/Q94014,Stanisław Saks,
http://www.wikidata.org/entity/Q64434,Carl Ferdinand Langhans,
http://www.wikidata.org/entity/Q62674,Christoph Cellarius,
http://www.wikidata.org/entity/Q96308,Wolff von Stutterheim,
http://www.wikidata.org/entity/Q61083,"Charles III William, Margrave of Baden-Durlach",
http://www.wikidata.org/entity/Q94346,Zdenko Hans Skraup,
http://www.wikidata.org/entity/Q94538,Simon von Lämel,
http://www.wikidata.org/entity/Q95444,Sig Arno,
http://www.wikidata.org/entity/Q64278,Christian Hoffmann von Hoffmannswaldau,
http://www.wikidata.org/entity/Q78575,Benita Ferrero-Waldner,
http://www.wikidata.org/entity/Q78741,Baron Max Wladimir von Beck,
http://www.wikidata.org/entity/Q80640,Radosław Kawęcki,
http://www.wikidata.org/entity/Q26763,Tom Schilling,
http://www.wikidata.org/entity/Q84177,Carl Menger,
http://www.wikidata.org/entity/Q34286,Alexander Graham Bell,
http://www.wikidata.org/entity/Q81520,Pierce Brosnan,
http://www.wikidata.org/entity/Q72543,Charles Koechlin,
http://www.wikidata.org/entity/Q61319,Christian Friedrich Schönbein,
http://www.wikidata.org/entity/Q31997,Ažbe Jug,
